"Tipo.de.votos","Votos","Porcentaje.Válidos"
"PARTIDO NACIONALISTA PERUANO",230831,1.603
"EL FRENTE AMPLIO POR JUSTICIA VIDA Y LIBERTAD",65300,0.453
"PARTIDO MORADO",325608,2.261
"PERU PATRIA SEGURA",55644,0.386
"VICTORIA NACIONAL",814516,5.656
"ACCION POPULAR",1306288,9.071
"AVANZA PAIS PARTIDO DE INTEGRACION SOCIAL",1674201,11.626
"PODEMOS PERU",812721,5.644
"JUNTOS POR EL PERU",1132577,7.865
"PARTIDO POPULAR CRISTIANO - PPC",286447,1.989
"FUERZA POPULAR",1930762,13.407
"UNION POR EL PERU",101267,0.703
"RENOVACION POPULAR",1692279,11.751
"RENACIMIENTO UNIDO NACIONAL",89376,0.621
"PARTIDO DEMOCRATICO SOMOS PERU",240234,1.668
"PARTIDO POLITICO NACIONAL PERU LIBRE",2724752,18.921
"DEMOCRACIA DIRECTA",50802,0.353
"ALIANZA PARA EL PROGRESO",867025,6.021
"TOTAL DE VOTOS VÁLIDOS",14400630,100
"VOTOS EN BLANCO",2190059,NA
"VOTOS NULOS",1123027,NA
"TOTAL DE VOTOS EMITIDOS",17713716,NA
"VOTOS ESPERADOS",25287954,NA
